<?xml version="1.0" encoding="UTF-8"?>
<project-private xmlns="http://www.netbeans.org/ns/project-private/1">
    <editor-bookmarks xmlns="http://www.netbeans.org/ns/editor-bookmarks/2" lastBookmarkId="0"/>
    <open-files xmlns="http://www.netbeans.org/ns/projectui-open-files/2">
        <group>
            <file>file:/Users/costareea/NetBeansProjects/BizzLifeFinal/BizzLifeFinal/src/javafxapplication1/JavaFXApplication1.java</file>
            <file>file:/Users/costareea/NetBeansProjects/BizzLifeFinal/BizzLifeFinal/src/javafxapplication1/PlyActions.java</file>
            <file>file:/Users/costareea/NetBeansProjects/BizzLifeFinal/BizzLifeFinal/src/javafxapplication1/EventMultiController.java</file>
            <file>file:/Users/costareea/NetBeansProjects/BizzLifeFinal/BizzLifeFinal/src/javafxapplication1/MultiChoiceEvents.java</file>
            <file>file:/Users/costareea/NetBeansProjects/BizzLifeFinal/BizzLifeFinal/src/javafxapplication1/Scene1Controller.java</file>
            <file>file:/Users/costareea/NetBeansProjects/BizzLifeFinal/BizzLifeFinal/src/javafxapplication1/ImplementActionController.java</file>
            <file>file:/Users/costareea/NetBeansProjects/BizzLifeFinal/BizzLifeFinal/src/javafxapplication1/Level1DescriptionController.java</file>
            <file>file:/Users/costareea/NetBeansProjects/BizzLifeFinal/BizzLifeFinal/src/javafxapplication1/MusicManip.java</file>
            <file>file:/Users/costareea/NetBeansProjects/BizzLifeFinal/BizzLifeFinal/src/javafxapplication1/LevelCompleteController.java</file>
            <file>file:/Users/costareea/NetBeansProjects/BizzLifeFinal/BizzLifeFinal/src/javafxapplication1/Scene2Controller.java</file>
            <file>file:/Users/costareea/NetBeansProjects/BizzLifeFinal/BizzLifeFinal/src/javafxapplication1/plyEvents.java</file>
            <file>file:/Users/costareea/NetBeansProjects/BizzLifeFinal/BizzLifeFinal/src/javafxapplication1/ActionHandling.java</file>
            <file>file:/Users/costareea/NetBeansProjects/BizzLifeFinal/BizzLifeFinal/src/javafxapplication1/Player.java</file>
            <file>file:/Users/costareea/NetBeansProjects/BizzLifeFinal/BizzLifeFinal/src/javafxapplication1/GameOverController.java</file>
        </group>
    </open-files>
</project-private>
